{
    "latent_dims": [
        8,
        16,
        32,
        64
    ],
    "best_test_results": [
        0.8257441385856414,
        0.832414195084513,
        0.8369551942036675,
        0.8387253338585684
    ],
    "n_embedding_parameters": [
        33032,
        66064,
        132128,
        264256
    ]
}