{
    "latent_dims": [
        8,
        16,
        32,
        64
    ],
    "best_test_results": [
        0.8446165083053866,
        0.8416728279450867,
        0.843097256446584,
        0.8442162015482941
    ],
    "n_embedding_parameters": [
        33032,
        66064,
        132128,
        264256
    ]
}