{
    "latent_dims": [
        8,
        16,
        32,
        64
    ],
    "best_test_results": [
        0.8438930646724824,
        0.846934033749982,
        0.8474597778124444,
        0.8484495765658366
    ]
}